Feature,Importance
Quantity,0.012041274839655083
DiscountPct,0.6657148513536465
DeliveryDays,0.013892836111655937
HeroFlag,0.0018792661326737143
IsFestivalPeriod,0.09368689427194743
IsWeekend,0.0011174015689302003
GrossMRPValue,0.14901755908721762
ShippingCost,0.06264991663427354
